{
"skeleton": {
	"hash": "yc03MCwgny0",
	"spine": "3.7-from-3.8-from-4.0.56",
	"x": -2082.18,
	"y": 3660.59,
	"width": 824.48,
	"height": 906.38,
	"images": "../Images/owl/",
	"audio": ""
},
"bones": [
	{ "name": "root" },
	{ "name": "owl_part", "parent": "root", "length": 359.14, "rotation": 110.48, "x": -1587.61, "y": 3819.57 },
	{ "name": "owl_finger_4_1", "parent": "owl_part", "length": 96.64, "rotation": 161.57, "x": 100.52, "y": 148.97 },
	{ "name": "owl_finger_4_2", "parent": "owl_finger_4_1", "length": 40.88, "x": 96.64 },
	{ "name": "owl_finger_3_1", "parent": "owl_part", "length": 87.74, "rotation": 153.82, "x": 135.2, "y": 213.24 },
	{ "name": "owl_finger_3_2", "parent": "owl_finger_3_1", "length": 34.8, "rotation": 9.4, "x": 89.18, "y": 1.16 },
	{ "name": "owl_finger_2_1", "parent": "owl_part", "length": 78.29, "rotation": -126.43, "x": 104.17, "y": -193.6 },
	{ "name": "owl_finger_2_2", "parent": "owl_finger_2_1", "length": 67.77, "rotation": -62.73, "x": 78.9, "y": 0.17 },
	{ "name": "owl_body_1", "parent": "owl_part", "length": 279.66, "rotation": 1.37, "x": 436.78, "y": -16.29 },
	{
		"name": "owl_wing_right_1",
		"parent": "owl_body_1",
		"length": 147.54,
		"rotation": 174.12,
		"x": -11.1,
		"y": 355.99,
		"shearY": 179.36
	},
	{ "name": "owl_wing_right_2", "parent": "owl_wing_right_1", "length": 169.37, "rotation": -36.34, "x": 147.54 },
	{ "name": "owl_beak_1", "parent": "owl_body_1", "length": 151.85, "rotation": -157.6, "x": -170.38, "y": 29.82 },
	{ "name": "owl_beak_2", "parent": "owl_body_1", "length": 113.37, "rotation": -164.35, "x": -190.68, "y": 55.99 },
	{ "name": "owl_eye_right_1", "parent": "owl_body_1", "rotation": -1.37, "x": -47.17, "y": 180.32 },
	{ "name": "owl_eye_right_2_1", "parent": "owl_eye_right_1", "x": -139.65, "y": -1.86 },
	{ "name": "owl_eye_right_2_2", "parent": "owl_eye_right_2_1", "x": 45.63, "y": -17.9 },
	{ "name": "owl_eye_left_1", "parent": "owl_body_1", "rotation": -1.37, "x": -56.35, "y": -174.55 },
	{ "name": "owl_eye_left_2_1", "parent": "owl_eye_left_1", "x": -88.62, "y": 41.73 },
	{ "name": "owl_finger_1_1", "parent": "owl_part", "length": 65.96, "rotation": -128.92, "x": 55.22, "y": -133.06 },
	{ "name": "owl_finger_1_2", "parent": "owl_finger_1_1", "length": 66.25, "rotation": -64.85, "x": 65.96 },
	{ "name": "owl_body_2", "parent": "owl_body_1", "x": 153.12, "y": 229.61 },
	{ "name": "owl_body_3", "parent": "owl_body_1", "x": 174.29, "y": -177.78 },
	{ "name": "owl_crest_1", "parent": "owl_body_1", "length": 91.94, "rotation": -36.27, "x": 238.25, "y": 109.15 },
	{ "name": "owl_crest_2", "parent": "owl_crest_1", "length": 138.57, "rotation": -7.12, "x": 12.34, "y": -30.97 },
	{ "name": "owl_crest_3", "parent": "owl_crest_1", "length": 164.02, "rotation": -27.02, "x": 21.59, "y": -60.12 },
	{ "name": "owl_finger_3_3", "parent": "owl_finger_3_2", "length": 61.03, "rotation": 4.34, "x": 33.8, "y": 1.21 },
	{ "name": "owl_finger_4_3", "parent": "owl_finger_4_2", "length": 60.51, "rotation": 0.15, "x": 40.43 },
	{ "name": "owl_finger_1_3", "parent": "owl_finger_1_2", "length": 61.6, "rotation": -17.61, "x": 66.28, "y": -0.32 },
	{ "name": "owl_finger_2_3", "parent": "owl_finger_2_2", "length": 58.29, "rotation": -15.54, "x": 67.77, "y": -0.13 },
	{ "name": "owl_wing_left_1", "parent": "owl_body_1", "length": 147.54, "rotation": -174.25, "x": -54.38, "y": -356.23 },
	{ "name": "owl_wing_left_2", "parent": "owl_wing_left_1", "length": 169.37, "rotation": -36.34, "x": 147.54 },
	{ "name": "owl_eye_right_2_3", "parent": "owl_eye_right_2_1", "x": 16.83, "y": -65.24 },
	{ "name": "owl_eye_left_2_2", "parent": "owl_eye_left_2_1", "x": -13.74, "y": 58.13 },
	{ "name": "owl_eye_left_2_3", "parent": "owl_eye_left_2_1", "x": -56.51, "y": -17.06 }
],
"slots": [
	{ "name": "owl_wing_right", "bone": "owl_wing_right_1", "attachment": "owl_wing_right" },
	{ "name": "owl_wing_left", "bone": "owl_wing_left_1", "attachment": "owl_wing_left" },
	{ "name": "owl_body", "bone": "owl_body_1", "attachment": "owl_body" },
	{ "name": "owl_crest", "bone": "owl_crest_1", "attachment": "owl_crest" },
	{ "name": "owl_part", "bone": "owl_part", "attachment": "owl_part" },
	{ "name": "owl_eye_right_1", "bone": "owl_eye_right_1", "attachment": "owl_eye_right_1" },
	{ "name": "owl_eye_left_1", "bone": "owl_eye_left_1", "attachment": "owl_eye_left_1" },
	{ "name": "owl_eye_left_2", "bone": "owl_eye_left_2_1", "attachment": "owl_eye_left_2" },
	{ "name": "owl_eye_right_2", "bone": "owl_eye_right_2_1", "attachment": "owl_eye_right_2" },
	{ "name": "owl_beak_2", "bone": "owl_beak_2", "attachment": "owl_beak_2" },
	{ "name": "owl_beak_1", "bone": "owl_beak_1", "attachment": "owl_beak_1" },
	{ "name": "owl_finger_3", "bone": "owl_finger_3_1", "attachment": "owl_finger_3" },
	{ "name": "owl_finger_4", "bone": "owl_finger_4_1", "attachment": "owl_finger_4" },
	{ "name": "owl_finger_2", "bone": "owl_finger_2_1", "attachment": "owl_finger_2" },
	{ "name": "owl_finger_1", "bone": "owl_finger_1_1", "attachment": "owl_finger_1" }
],
"animations": {
	"animation": {
		"bones": {
			"owl_part": {
				"rotate": [
					{ "time": 0.3333, "angle": 0.0 },
					{ "time": 0.8, "angle": -17.45, "curve": "stepped" },
					{ "time": 0.8667, "angle": -17.45 },
					{ "time": 1.3333, "angle": 0.0 }
				],
				"translate": [
					{ "time": 0.0 },
					{ "time": 0.3, "x": 1.07, "y": -18.23 },
					{ "time": 0.3333 },
					{ "time": 0.8, "x": -109.64, "y": 257.78, "curve": "stepped" },
					{ "time": 0.8667, "x": -109.64, "y": 257.78 },
					{ "time": 1.3333, "y": -928.93 }
				],
				"scale": [
					{ "time": 0.3333, "x": 1.0, "y": 1.0 },
					{ "time": 0.8, "x": 0.923, "y": 0.923 }
				]
			},
			"owl_finger_4_1": {
				"rotate": [
					{ "time": 0.0, "angle": 0.0 },
					{ "time": 0.3, "angle": 10 },
					{ "time": 0.3333, "angle": 0.0 },
					{ "time": 0.6, "angle": -27.4 },
					{ "time": 0.8333, "angle": 15.97 },
					{ "time": 1.3333, "angle": 0.0 }
				],
				"translate": [
					{ "time": 0.0 },
					{ "time": 0.3, "x": -11.94, "y": 4.46 },
					{ "time": 0.3333 }
				]
			},
			"owl_finger_4_2": {
				"rotate": [
					{ "time": 0.0, "angle": 0.0 },
					{ "time": 0.3, "angle": 10 },
					{ "time": 0.3333, "angle": 0.0 },
					{ "time": 0.6, "angle": 16.99 },
					{ "time": 1.3333, "angle": 0.0 }
				]
			},
			"owl_finger_3_1": {
				"rotate": [
					{ "time": 0.0, "angle": 0.0 },
					{ "time": 0.3, "angle": 10 },
					{ "time": 0.3333, "angle": 0.0 },
					{ "time": 0.6, "angle": -15.83 },
					{ "time": 0.8333, "angle": 23.11 },
					{ "time": 1.3333, "angle": 0.0 }
				],
				"translate": [
					{ "time": 0.0 },
					{ "time": 0.3, "x": -11.94, "y": 4.46 },
					{ "time": 0.3333 }
				]
			},
			"owl_finger_3_2": {
				"rotate": [
					{ "time": 0.0, "angle": 0.0 },
					{ "time": 0.3, "angle": 10 },
					{ "time": 0.3333, "angle": 0.0 },
					{ "time": 0.6, "angle": 23.95 },
					{ "time": 1.3333, "angle": 0.0 }
				]
			},
			"owl_finger_2_1": {
				"rotate": [
					{ "time": 0.0, "angle": 0.0 },
					{ "time": 0.3, "angle": -8.76 },
					{ "time": 0.3333, "angle": 0.0 },
					{ "time": 0.6, "angle": 17.08 },
					{ "time": 0.8333, "angle": -21.86 },
					{ "time": 1.3333, "angle": 0.0 }
				],
				"translate": [
					{ "time": 0.0 },
					{ "time": 0.3, "x": -15.69, "y": -0.59 },
					{ "time": 0.3333 }
				]
			},
			"owl_finger_2_2": {
				"rotate": [
					{ "time": 0.0, "angle": 0.0 },
					{ "time": 0.3, "angle": -8.76 },
					{ "time": 0.3333, "angle": 0.0 }
				]
			},
			"owl_body_1": {
				"translate": [
					{ "time": 0.0 },
					{ "time": 0.2667, "x": -39.59, "y": 2.62 },
					{ "time": 0.3333 },
					{ "time": 0.6, "x": -20.96, "y": 9.27 },
					{ "time": 0.8, "curve": "stepped" },
					{ "time": 0.8667 },
					{ "time": 1, "x": 140.04, "y": 6.59 },
					{ "time": 1.3333 }
				]
			},
			"owl_wing_right_1": {
				"rotate": [
					{ "time": 0.0, "angle": 0.0 },
					{ "time": 0.6, "angle": 10.33 },
					{ "time": 1.3333, "angle": 0.0 }
				]
			},
			"owl_wing_right_2": {
				"rotate": [
					{ "time": 0.0, "angle": 0.0 },
					{ "time": 0.6, "angle": -32.19 },
					{ "time": 1.3333, "angle": 0.0 }
				]
			},
			"owl_beak_1": {
				"rotate": [
					{ "time": 0.0, "angle": 0.0 },
					{ "time": 0.1667, "angle": 14.72 },
					{ "time": 0.3333, "angle": 0.0 }
				]
			},
			"owl_beak_2": {
				"rotate": [
					{ "time": 0.0, "angle": 0.0 },
					{ "time": 0.1667, "angle": -7.56 },
					{ "time": 0.3333, "angle": 0.0 }
				]
			},
			"owl_eye_right_2_2": {
				"translate": [
					{ "time": 0.8333 },
					{ "time": 1.0333, "x": 30.14, "y": 9.01 },
					{ "time": 1.3333 }
				]
			},
			"owl_eye_left_2_1": {
				"translate": [
					{ "time": 0.8333 },
					{ "time": 1.0333, "x": 18.93, "y": -14.56 },
					{ "time": 1.3333 }
				]
			},
			"owl_finger_1_1": {
				"rotate": [
					{ "time": 0.0, "angle": 0.0 },
					{ "time": 0.3, "angle": -8.76 },
					{ "time": 0.3333, "angle": 0.0 },
					{ "time": 0.6, "angle": 16.31 },
					{ "time": 0.8333, "angle": -31.6 },
					{ "time": 1.3333, "angle": 0.0 }
				],
				"translate": [
					{ "time": 0.0 },
					{ "time": 0.3, "x": -15.69, "y": -0.59 },
					{ "time": 0.3333 }
				]
			},
			"owl_finger_1_2": {
				"rotate": [
					{ "time": 0.0, "angle": 0.0 },
					{ "time": 0.3, "angle": -8.76 },
					{ "time": 0.3333, "angle": 0.0 },
					{ "time": 0.8333, "angle": 23.36 },
					{ "time": 1.3333, "angle": 0.0 }
				]
			},
			"owl_crest_1": {
				"rotate": [
					{ "time": 0.0, "angle": 0.0 },
					{ "time": 0.3333, "angle": -7.16 },
					{ "time": 0.8, "angle": -42.96, "curve": "stepped" },
					{ "time": 0.8667, "angle": -42.96 },
					{ "time": 1, "angle": 22.87 },
					{ "time": 1.3333, "angle": 15.71 }
				]
			},
			"owl_crest_2": {
				"rotate": [
					{ "time": 0.0, "angle": 0.0 },
					{ "time": 0.3333, "angle": -7.16 },
					{ "time": 0.8, "angle": -42.96, "curve": "stepped" },
					{ "time": 0.8667, "angle": -42.96 },
					{ "time": 1, "angle": 22.87 },
					{ "time": 1.3333, "angle": 15.71 }
				]
			},
			"owl_crest_3": {
				"rotate": [
					{ "time": 0.0, "angle": 0.0 },
					{ "time": 0.3333, "angle": -7.16 },
					{ "time": 0.8, "angle": -42.96, "curve": "stepped" },
					{ "time": 0.8667, "angle": -42.96 },
					{ "time": 1, "angle": 22.87 },
					{ "time": 1.3333, "angle": 15.71 }
				]
			},
			"owl_finger_3_3": {
				"rotate": [
					{ "time": 0.0, "angle": 0.0 },
					{ "time": 0.3, "angle": 10 },
					{ "time": 0.3333, "angle": 0.0 },
					{ "time": 0.6, "angle": 15.54 },
					{ "time": 1.3333, "angle": 0.0 }
				]
			},
			"owl_finger_4_3": {
				"rotate": [
					{ "time": 0.0, "angle": 0.0 },
					{ "time": 0.3, "angle": 10 },
					{ "time": 0.3333, "angle": 0.0 },
					{ "time": 0.6, "angle": 17.26 },
					{ "time": 1.3333, "angle": 0.0 }
				]
			},
			"owl_finger_1_3": {
				"rotate": [
					{ "time": 0.0, "angle": 0.0 },
					{ "time": 0.3, "angle": -8.76 },
					{ "time": 0.3333, "angle": 0.0 }
				]
			},
			"owl_finger_2_3": {
				"rotate": [
					{ "time": 0.0, "angle": 0.0 },
					{ "time": 0.3, "angle": -8.76 },
					{ "time": 0.3333, "angle": 0.0 }
				]
			},
			"owl_wing_left_1": {
				"rotate": [
					{ "time": 0.0, "angle": 0.0 },
					{ "time": 0.3333, "angle": -0.37 },
					{ "time": 0.6, "angle": -5.01 },
					{ "time": 1.3333, "angle": 0.0 }
				]
			},
			"owl_wing_left_2": {
				"rotate": [
					{ "time": 0.0, "angle": 0.0 },
					{ "time": 0.3333, "angle": -25.24 },
					{ "time": 0.6, "angle": -41.73 },
					{ "time": 1.3333, "angle": 0.0 }
				]
			}
		}
	},
	"Owl": {
		"bones": {
			"owl_part": {
				"rotate": [
					{ "time": 0.0, "angle": 0.0 },
					{ "time": 0.6667, "angle": -5.52 },
					{ "time": 2, "angle": 0.0 }
				]
			},
			"owl_finger_4_1": {
				"rotate": [
					{ "time": 0.0, "angle": 0.0 },
					{ "time": 0.6667, "angle": 9.89 },
					{ "time": 2, "angle": 0.0 }
				]
			},
			"owl_finger_3_1": {
				"rotate": [
					{ "time": 0.0, "angle": 0.0 },
					{ "time": 0.6667, "angle": 9.89 },
					{ "time": 2, "angle": 0.0 }
				]
			},
			"owl_finger_3_2": {
				"rotate": [
					{ "time": 0.0, "angle": 0.0 },
					{ "time": 0.6667, "angle": 9.89 },
					{ "time": 2, "angle": 0.0 }
				]
			},
			"owl_body_1": {
				"rotate": [
					{ "time": 0.0, "angle": 0.0 },
					{ "time": 0.6667, "angle": -8.18 },
					{ "time": 2, "angle": 0.0 }
				]
			},
			"owl_wing_right_1": {
				"rotate": [
					{ "time": 0.0, "angle": 0.0 },
					{ "time": 0.6667, "angle": 13.15 },
					{ "time": 2, "angle": 0.0 }
				]
			},
			"owl_beak_1": {
				"rotate": [
					{ "time": 0.6667, "angle": 0.0 },
					{ "time": 1.3333, "angle": 26.03 },
					{ "time": 2, "angle": 0.0 }
				]
			},
			"owl_crest_1": {
				"rotate": [
					{ "time": 0.0, "angle": 0.0 },
					{ "time": 0.6667, "angle": 37.32 },
					{ "time": 2, "angle": 0.0 }
				]
			},
			"owl_crest_2": {
				"rotate": [
					{ "time": 0.0, "angle": 0.0 },
					{ "time": 0.6667, "angle": 37.32 },
					{ "time": 2, "angle": 0.0 }
				]
			},
			"owl_crest_3": {
				"rotate": [
					{ "time": 0.0, "angle": 0.0 },
					{ "time": 0.6667, "angle": 37.32 },
					{ "time": 2, "angle": 0.0 }
				]
			},
			"owl_finger_3_3": {
				"rotate": [
					{ "time": 0.0, "angle": 0.0 },
					{ "time": 0.6667, "angle": 9.89 },
					{ "time": 2, "angle": 0.0 }
				]
			},
			"owl_finger_4_3": {
				"rotate": [
					{ "time": 0.0, "angle": 0.0 },
					{ "time": 0.6667, "angle": 9.89 },
					{ "time": 2, "angle": 0.0 }
				]
			},
			"owl_wing_left_1": {
				"rotate": [
					{ "time": 0.0, "angle": 0.0 },
					{ "time": 0.6667, "angle": 4.17 },
					{ "time": 2, "angle": 0.0 }
				]
			},
			"owl_wing_left_2": {
				"rotate": [
					{ "time": 0.0, "angle": 0.0 },
					{ "time": 0.6667, "angle": -21.25 },
					{ "time": 2, "angle": 0.0 }
				]
			}
		}
	}
},
"skins": {
	"default": {
		"owl_beak_1": {
			"owl_beak_1": {
				"type": "mesh",
				"uvs": [ 0.17383, 0, 0.27629, 0, 0.35292, 0, 0.47553, 0.00798, 0.70546, 0.18885, 0.80772, 0.31042, 0.90328, 0.52782, 0.9368, 0.65511, 0.9402, 0.83829, 0.91713, 0.92867, 0.87675, 0.94433, 0.84214, 0.93985, 0.59742, 0.68745, 0.36622, 0.57916, 0.26441, 0.53023, 0.10463, 0.43838, 0, 0.30592, 0, 0.17777, 0, 0.09937, 0.06873, 0.03262 ],
				"triangles": [ 19, 17, 18, 16, 17, 19, 0, 16, 19, 15, 16, 0, 0, 3, 15, 3, 14, 15, 1, 2, 3, 1, 3, 0, 4, 13, 14, 4, 14, 3, 13, 4, 5, 12, 13, 5, 6, 12, 5, 12, 6, 7, 12, 7, 8, 8, 11, 12, 9, 11, 8, 10, 11, 9 ],
				"vertices": [ -11.37, 21.91, -5.11, 33.26, 1.22, 40.15, 16.52, 46.13, 54.62, 48.17, 75.78, 44.97, 106.18, 31.63, 122.07, 21.85, 141.12, 3.87, 148.41, -7.16, 146.58, -12.26, 143.17, -14.83, 96.49, -11.03, 65.71, -20.42, 52.03, -24.44, 29.02, -29.23, 6.54, -25.17, -9.85, -15.72, -15.69, -5.66, -15.59, 8.12 ],
				"hull": 20,
				"edges": [ 0, 2, 2, 4, 4, 6, 6, 8, 8, 10, 10, 12, 12, 14, 14, 16, 16, 18, 18, 20, 20, 22, 22, 24, 24, 26, 26, 28, 28, 30, 30, 32, 32, 34, 34, 36, 36, 38, 0, 38 ],
				"width": 122,
				"height": 143
			}
		},
		"owl_beak_2": {
			"owl_beak_2": {
				"type": "mesh",
				"uvs": [ 0.22741, 0.12592, 0.39621, 0.10201, 0.6593, 0.09899, 0.8033, 0.1361, 0.84423, 0.19249, 0.92977, 0.5114, 0.93885, 0.86624, 0.84311, 0.90033, 0.63707, 0.83347, 0.42062, 0.72335, 0.19584, 0.54114, 0.04807, 0.3445, 0.08446, 0.32517, 0.12302, 0.30827, 0.12593, 0.21776 ],
				"triangles": [ 14, 1, 13, 1, 10, 13, 12, 13, 10, 11, 12, 10, 5, 10, 4, 2, 4, 1, 4, 2, 3, 4, 10, 1, 0, 1, 14, 5, 9, 10, 8, 9, 5, 8, 5, 6, 7, 8, 6 ],
				"vertices": [ -12.91, 21.92, -5.86, 37.15, 9.31, 57.68, 22.35, 65.28, 31.65, 63.14, 75.67, 39.82, 119.55, 7.25, 118.06, -3.31, 97.73, -12.9, 71.49, -19.23, 35.96, -19.44, 3.21, -12.37, 2.99, -7.76, 3.21, -3.21, -7.68, 5.5 ],
				"hull": 15,
				"edges": [ 0, 2, 2, 4, 4, 6, 6, 8, 8, 10, 10, 12, 12, 14, 14, 16, 16, 18, 18, 20, 20, 22, 22, 24, 24, 26, 26, 28, 0, 28 ],
				"width": 86,
				"height": 122
			}
		},
		"owl_body": {
			"owl_body": {
				"type": "mesh",
				"uvs": [ 0.22517, 0.08834, 0.42322, 0.01518, 0.569, 0.01213, 0.69583, 0.06043, 0.76385, 0.09805, 0.85226, 0.17949, 0.88819, 0.23087, 0.92821, 0.2881, 0.95632, 0.38221, 0.98851, 0.53129, 0.99824, 0.67153, 0.98375, 0.70257, 0.90219, 0.795, 0.80598, 0.87384, 0.69487, 0.93953, 0.59415, 0.97454, 0.49091, 0.98824, 0.457, 0.98901, 0.38164, 0.97149, 0.28901, 0.93776, 0.17522, 0.84406, 0.07548, 0.72482, 0.01404, 0.59212, 0, 0.51284, 0, 0.38279, 0.01685, 0.31074, 0.06778, 0.22136, 0.14204, 0.15144, 0.10615, 0.64903, 0.09145, 0.54257, 0.10983, 0.48439, 0.13065, 0.44231, 0.16372, 0.40146, 0.21639, 0.35938, 0.28008, 0.35814, 0.36635, 0.37509, 0.43895, 0.39412, 0.48108, 0.40408, 0.5017, 0.3289, 0.52415, 0.27767, 0.5635, 0.22826, 0.61955, 0.20536, 0.6899, 0.20898, 0.76265, 0.24995, 0.80156, 0.27248, 0.84291, 0.25258 ],
				"triangles": [ 41, 2, 3, 42, 41, 3, 4, 42, 3, 43, 42, 4, 40, 1, 2, 40, 2, 41, 5, 43, 4, 45, 43, 5, 6, 45, 5, 44, 43, 45, 45, 8, 44, 45, 7, 8, 7, 45, 6, 43, 40, 42, 44, 40, 43, 40, 41, 42, 29, 23, 30, 22, 23, 29, 28, 29, 30, 22, 29, 28, 21, 22, 28, 30, 34, 28, 33, 26, 27, 26, 32, 25, 27, 34, 33, 32, 24, 25, 26, 33, 32, 31, 24, 32, 30, 24, 31, 23, 24, 30, 32, 30, 31, 32, 33, 30, 33, 34, 30, 35, 20, 34, 20, 35, 36, 37, 20, 36, 40, 13, 38, 13, 37, 38, 39, 1, 40, 39, 0, 1, 0, 35, 34, 0, 39, 35, 27, 0, 34, 38, 35, 39, 36, 35, 38, 37, 36, 38, 39, 40, 38, 11, 9, 10, 11, 12, 9, 44, 8, 9, 12, 44, 9, 34, 20, 28, 21, 28, 20, 13, 44, 12, 37, 19, 20, 18, 19, 37, 14, 37, 13, 37, 16, 18, 14, 15, 37, 15, 16, 37, 17, 18, 16, 40, 44, 13 ],
				"vertices": [ 3, 8, 282.27, 79.35, 0.81406, 20, 129.15, -150.26, 0.18507, 21, 107.98, 257.14, 8.8E-4, 3, 8, 277.29, -81.47, 0.70608, 20, 124.17, -311.08, 4.3E-4, 21, 103, 96.32, 0.29349, 3, 8, 238.03, -185.56, 0.07105, 20, 84.91, -415.17, 7.0E-5, 21, 63.73, -7.78, 0.92888, 2, 1, 611.17, -273.99, 0.02763, 21, -6.12, -84.02, 0.97237, 3, 1, 566.39, -312.67, 0.07889, 8, 122.48, -299.4, 0.01292, 21, -51.81, -121.62, 0.90818, 3, 1, 485.19, -354.35, 0.20261, 8, 40.31, -339.13, 0.04674, 21, -133.99, -161.34, 0.75064, 3, 1, 439.26, -366.46, 0.28159, 8, -5.9, -350.13, 0.0564, 21, -180.19, -172.35, 0.66201, 3, 1, 388.1, -379.95, 0.37258, 8, -57.37, -362.39, 0.05828, 21, -231.66, -184.61, 0.56915, 3, 1, 314.03, -375.18, 0.50921, 8, -131.3, -355.85, 0.0502, 21, -305.59, -178.07, 0.44059, 3, 1, 200, -358.81, 0.71735, 8, -244.91, -336.76, 0.02076, 21, -419.2, -158.98, 0.26189, 3, 1, 98.21, -328.71, 0.83426, 8, -345.95, -304.23, 0.0032, 21, -520.24, -126.45, 0.16254, 3, 1, 80.13, -310.16, 0.84867, 8, -363.58, -285.25, 0.00188, 21, -537.87, -107.47, 0.14945, 2, 1, 36.53, -227.44, 0.91291, 21, -579.49, -23.73, 0.08709, 2, 1, 6.45, -137.85, 0.96713, 21, -607.41, 66.55, 0.03287, 2, 1, -10.35, -41.08, 0.99678, 21, -621.89, 163.69, 0.00322, 2, 1, -8.22, 40.16, 0.99761, 20, -596.64, -162.53, 0.00239, 2, 1, 9.65, 117.58, 0.97889, 20, -576.93, -85.56, 0.02111, 2, 1, 18.16, 142.02, 0.96936, 20, -567.83, -61.34, 0.03064, 2, 1, 50.67, 191.25, 0.93753, 20, -534.16, -12.89, 0.06247, 2, 1, 99.25, 248.56, 0.88049, 20, -484.21, 43.23, 0.11951, 2, 1, 195.9, 305.13, 0.752, 20, -386.24, 97.48, 0.248, 2, 1, 306.87, 344.92, 0.56065, 20, -274.35, 134.6, 0.43935, 2, 1, 417.12, 353.79, 0.34901, 20, -163.92, 140.83, 0.65099, 2, 1, 476.94, 342.88, 0.23373, 20, -104.37, 128.49, 0.76627, 2, 1, 568.92, 308.53, 0.05885, 20, -13.24, 91.95, 0.94115, 4, 1, 615.38, 277.45, 0.00755, 8, 185.58, 289.37, 8.0E-5, 20, 32.46, 59.76, 0.99237, 21, 11.29, 467.16, 1.0E-5, 3, 8, 233.76, 228.19, 0.11687, 20, 80.64, -1.42, 0.88299, 21, 59.46, 405.97, 1.4E-4, 3, 8, 261.66, 155.96, 0.4592, 20, 108.54, -73.65, 0.54034, 21, 87.37, 333.74, 4.6E-4, 3, 1, 352.28, 302.98, 0.49315, 8, -76.83, 321.2, 0.00233, 20, -229.95, 91.59, 0.50452, 3, 1, 431.5, 285.37, 0.321, 8, 1.94, 301.69, 0.01028, 20, -151.18, 72.08, 0.66872, 3, 1, 467.75, 256.86, 0.23526, 8, 37.49, 272.33, 0.02499, 20, -115.63, 42.72, 0.73975, 3, 1, 491.95, 230.87, 0.17411, 8, 61.07, 245.76, 0.0497, 20, -92.05, 16.15, 0.7762, 4, 1, 512.01, 196.44, 0.12348, 8, 80.3, 210.86, 0.11467, 20, -72.82, -18.75, 0.76184, 21, -93.99, 388.64, 0, 4, 1, 527.72, 147.67, 0.08421, 8, 94.84, 161.74, 0.30963, 20, -58.28, -67.87, 0.60614, 21, -79.46, 339.52, 2.0E-5, 4, 1, 511.59, 101.82, 0.09499, 8, 77.62, 116.28, 0.54136, 20, -75.5, -113.33, 0.36364, 21, -96.68, 294.07, 1.0E-5, 3, 1, 476.57, 44.63, 0.09946, 8, 41.23, 59.95, 0.78649, 20, -111.89, -169.66, 0.11405, 3, 1, 443.73, -2.24, 0.03602, 8, 7.28, 13.88, 0.95355, 20, -145.84, -215.73, 0.01043, 3, 1, 425.44, -29.71, 0.10183, 8, -11.66, -13.15, 0.88404, 21, -185.96, 164.63, 0.01413, 3, 1, 473.11, -64.31, 0.01566, 8, 35.17, -48.88, 0.88252, 21, -139.13, 128.9, 0.10183, 3, 1, 503.34, -93.89, 0.01734, 8, 64.69, -79.17, 0.7379, 21, -109.61, 98.61, 0.24477, 4, 1, 527.79, -135.07, 0.02417, 8, 88.14, -120.93, 0.4819, 20, -64.98, -350.54, 0, 21, -86.16, 56.86, 0.49394, 3, 1, 529.02, -181.18, 0.0471, 8, 88.27, -167.05, 0.25043, 21, -86.03, 10.73, 0.70247, 3, 1, 507.68, -230.51, 0.1015, 8, 65.75, -215.86, 0.13695, 21, -108.54, -38.08, 0.76155, 3, 1, 459.28, -271.68, 0.20662, 8, 16.38, -255.86, 0.10784, 21, -157.91, -78.08, 0.68554, 3, 1, 432.96, -293.55, 0.26742, 8, -10.45, -277.09, 0.09113, 21, -184.75, -99.31, 0.64145, 3, 1, 436, -328.36, 0.27237, 8, -8.25, -311.97, 0.06542, 21, -182.54, -134.18, 0.66221 ],
				"hull": 28,
				"edges": [ 0, 2, 2, 4, 4, 6, 6, 8, 8, 10, 14, 16, 16, 18, 18, 20, 20, 22, 22, 24, 24, 26, 26, 28, 28, 30, 30, 32, 32, 34, 34, 36, 36, 38, 38, 40, 40, 42, 42, 44, 44, 46, 46, 48, 48, 50, 50, 52, 52, 54, 0, 54, 42, 56, 56, 58, 58, 60, 60, 62, 62, 64, 64, 66, 66, 68, 68, 70, 70, 72, 72, 74, 74, 76, 76, 78, 78, 80, 80, 82, 82, 84, 84, 86, 86, 88, 88, 90, 10, 12, 12, 14, 90, 12 ],
				"width": 756,
				"height": 733
			}
		},
		"owl_crest": {
			"owl_crest": {
				"type": "mesh",
				"uvs": [ 0.00976, 0.81345, 0.06818, 0.72142, 0.07228, 0.62172, 0.11284, 0.48678, 0.19716, 0.35331, 0.24499, 0.3466, 0.27848, 0.39059, 0.3018, 0.37866, 0.31375, 0.39805, 0.37059, 0.21737, 0.44879, 0.05679, 0.50883, 0.01541, 0.59415, 0.06369, 0.64866, 0.13659, 0.65814, 0.16516, 0.65908, 0.20146, 0.6613, 0.28732, 0.74978, 0.17698, 0.86196, 0.09718, 0.94095, 0.08142, 0.96544, 0.10901, 0.98282, 0.16122, 0.99546, 0.2489, 0.98633, 0.33627, 0.94789, 0.43555, 0.56063, 0.8894, 0.44351, 0.96388, 0.32872, 0.98709, 0.17167, 0.98431, 0.07361, 0.9671, 0.01186, 0.9218, 2.4E-4, 0.85205, 0.2734, 0.4529, 0.27019, 0.56418, 0.22268, 0.73311, 0.19853, 0.78821, 0.18503, 0.83113, 0.22349, 0.84449, 0.26681, 0.77042, 0.31483, 0.66639, 0.34121, 0.55899, 0.35362, 0.45836, 0.59137, 0.29424, 0.5611, 0.42979, 0.48572, 0.59739, 0.42069, 0.72146, 0.37095, 0.79493, 0.40612, 0.82637, 0.46241, 0.77197, 0.52027, 0.67387, 0.57725, 0.55642, 0.59941, 0.50115, 0.61637, 0.5083, 0.64047, 0.48145, 0.63688, 0.45203, 0.67124, 0.38169 ],
				"triangles": [ 27, 47, 26, 26, 48, 25, 26, 47, 48, 25, 53, 24, 25, 52, 53, 25, 50, 52, 53, 55, 24, 48, 49, 25, 25, 49, 50, 48, 47, 45, 48, 45, 49, 45, 44, 49, 50, 51, 52, 49, 44, 50, 44, 43, 50, 50, 43, 51, 52, 51, 53, 51, 54, 53, 51, 43, 54, 53, 54, 55, 54, 43, 55, 55, 17, 24, 24, 17, 23, 23, 17, 18, 22, 23, 19, 21, 19, 20, 18, 19, 23, 42, 16, 55, 55, 16, 17, 22, 19, 21, 28, 37, 27, 27, 37, 46, 27, 46, 47, 46, 37, 38, 38, 39, 46, 47, 46, 45, 46, 39, 45, 38, 34, 39, 39, 40, 45, 45, 40, 44, 39, 33, 40, 40, 41, 44, 44, 41, 43, 40, 32, 41, 43, 41, 9, 55, 43, 42, 41, 8, 9, 43, 9, 42, 9, 10, 42, 42, 10, 12, 42, 15, 16, 15, 13, 14, 15, 42, 13, 42, 12, 13, 12, 10, 11, 28, 36, 37, 28, 29, 36, 36, 29, 0, 30, 31, 29, 36, 0, 1, 31, 0, 29, 36, 35, 37, 37, 35, 38, 36, 1, 35, 35, 34, 38, 35, 1, 34, 1, 2, 34, 34, 2, 33, 34, 33, 39, 33, 2, 3, 33, 3, 32, 32, 3, 4, 33, 32, 40, 32, 6, 8, 6, 7, 8, 6, 32, 4, 41, 32, 8, 6, 4, 5 ],
				"vertices": [ 1, 22, 9.12, 30.19, 1, 1, 22, 27.36, 22.09, 1, 1, 22, 43.99, 25.47, 1, 1, 22, 68.35, 22.85, 1, 1, 22, 94.78, 11.19, 1, 2, 22, 98.41, 1.65, 0.99995, 23, 81.36, 43.05, 5.0E-5, 2, 22, 92.93, -7.08, 0.83975, 23, 77.01, 33.7, 0.16025, 2, 22, 96.13, -11.37, 0.68004, 23, 80.71, 29.84, 0.31996, 2, 22, 93.57, -14.64, 0.5103, 23, 78.57, 26.27, 0.4897, 2, 22, 126.31, -18.66, 0.01087, 23, 111.57, 26.34, 0.98913, 1, 23, 143.05, 20.95, 1, 1, 23, 154.26, 11.69, 1, 2, 23, 153.27, -8.15, 0.99323, 24, 125.42, 66.26, 0.00677, 2, 23, 145.99, -23.45, 0.93139, 24, 123.78, 49.4, 0.06861, 2, 23, 142.21, -27.1, 0.89969, 24, 121.47, 44.68, 0.10031, 2, 23, 136.54, -29.55, 0.84092, 24, 116.97, 40.44, 0.15908, 2, 23, 123.14, -35.35, 0.43285, 24, 106.34, 30.43, 0.56715, 2, 23, 147.47, -45.91, 0.0248, 24, 132.82, 28.78, 0.9752, 1, 24, 158.73, 19.93, 1, 1, 24, 171.82, 9.15, 1, 1, 24, 171.74, 2.15, 1, 1, 24, 167.52, -6.48, 1, 1, 24, 158.12, -18.36, 1, 1, 24, 145.7, -26.74, 1, 1, 24, 127.66, -31.8, 1, 1, 24, 15.48, -21.31, 1, 2, 23, -0.8, -34.63, 0.08085, 24, -10.44, -11.07, 0.91915, 3, 22, -2.62, -42.65, 0.00882, 23, -13.4, -13.44, 0.76961, 24, -29.5, 4.56, 0.22157, 2, 22, -10.46, -10.29, 0.79879, 23, -25.19, 17.7, 0.20121, 1, 22, -12.8, 10.57, 1, 1, 22, -8.6, 25.17, 1, 1, 22, 2.27, 30.51, 1, 2, 22, 82.41, -8.68, 0.82455, 23, 66.76, 30.81, 0.17545, 2, 22, 63.91, -12.73, 0.69819, 23, 48.91, 24.49, 0.30181, 2, 22, 33.59, -10.13, 0.74292, 23, 18.5, 23.32, 0.25708, 2, 22, 23.25, -7.5, 0.8305, 23, 7.91, 24.64, 0.1695, 2, 22, 15.47, -6.55, 0.86246, 23, 0.07, 24.63, 0.13754, 2, 22, 15.3, -15.01, 0.54259, 23, 0.95, 16.21, 0.45741, 2, 22, 29.78, -20.77, 0.31542, 23, 16.04, 12.29, 0.68458, 2, 22, 49.44, -26.22, 0.18584, 23, 36.23, 9.31, 0.81416, 2, 22, 68.52, -27.09, 0.20923, 23, 55.26, 10.81, 0.79077, 2, 22, 85.74, -25.38, 0.25672, 23, 72.14, 14.65, 0.74328, 2, 23, 116.6, -21.99, 0.73583, 24, 95.65, 40.77, 0.26417, 2, 23, 92.81, -24.48, 0.5826, 24, 74.13, 30.33, 0.4174, 2, 23, 60.44, -20.08, 0.57095, 24, 42.19, 23.45, 0.42905, 2, 23, 35.76, -15, 0.6066, 24, 17.25, 19.83, 0.3934, 2, 23, 20.27, -9.78, 0.74415, 24, 0.91, 19.47, 0.25585, 2, 23, 18.03, -18.68, 0.35115, 24, 1.84, 10.34, 0.64885, 2, 23, 31.02, -26.38, 0.15388, 24, 16.67, 7.51, 0.84612, 2, 23, 51.03, -31.67, 0.15947, 24, 37.29, 9.36, 0.84053, 2, 23, 74.04, -35.57, 0.21087, 24, 60.25, 13.51, 0.78913, 2, 23, 84.51, -36.49, 0.24587, 24, 70.4, 16.21, 0.75413, 2, 23, 84.7, -40.28, 0.16635, 24, 71.87, 12.71, 0.83365, 2, 23, 90.82, -43.36, 0.13806, 24, 78.68, 11.9, 0.86194, 2, 23, 95.19, -40.81, 0.20658, 24, 81.92, 15.78, 0.79342, 2, 23, 108.99, -43.2, 0.21502, 24, 95.71, 18.23, 0.78498 ],
				"hull": 32,
				"edges": [ 0, 2, 2, 4, 4, 6, 6, 8, 8, 10, 10, 12, 12, 14, 14, 16, 16, 18, 18, 20, 20, 22, 22, 24, 24, 26, 26, 28, 32, 34, 34, 36, 36, 38, 38, 40, 40, 42, 42, 44, 44, 46, 46, 48, 48, 50, 50, 52, 52, 54, 54, 56, 56, 58, 58, 60, 60, 62, 0, 62, 12, 64, 64, 66, 66, 68, 68, 70, 70, 72, 72, 74, 74, 76, 76, 78, 78, 80, 80, 82, 82, 16, 28, 30, 30, 32, 30, 84, 84, 86, 86, 88, 88, 90, 90, 92, 92, 94, 94, 96, 96, 98, 98, 100, 100, 102, 102, 104, 104, 106, 106, 108, 108, 110, 110, 32 ],
				"width": 212,
				"height": 164
			}
		},
		"owl_eye_left_1": {
			"owl_eye_left_1": { "x": -43.99, "y": 22.31, "rotation": -110.48, "width": 156, "height": 249 }
		},
		"owl_eye_left_2": {
			"owl_eye_left_2": {
				"type": "mesh",
				"uvs": [ 0.44564, 0.05232, 0.27402, 0.12745, 0.16446, 0.21784, 0.0559, 0.35424, 0.01441, 0.43103, 0.01441, 0.55549, 0.06096, 0.69661, 0.16685, 0.87891, 0.32506, 0.97575, 0.57003, 0.98574, 0.81692, 0.87642, 0.94001, 0.7051, 0.94991, 0.49704, 0.86558, 0.25461, 0.70743, 0.09646, 0.55234, 0.04953 ],
				"triangles": [ 10, 9, 12, 7, 12, 9, 11, 10, 12, 7, 9, 8, 12, 7, 6, 2, 12, 6, 5, 3, 6, 6, 3, 2, 5, 4, 3, 13, 12, 2, 15, 13, 1, 1, 0, 15, 14, 13, 15, 1, 13, 2 ],
				"vertices": [ 3, 17, 48.25, -11.11, 0.93771, 32, 49.31, -62.55, 0.05484, 33, 92.09, 12.65, 0.00745, 2, 17, 48.3, 12.84, 0.82617, 32, 49.36, -38.6, 0.17383, 2, 17, 44.08, 29.56, 0.67673, 32, 45.14, -21.88, 0.32327, 2, 17, 35.51, 47.55, 0.4178, 32, 36.57, -3.89, 0.5822, 2, 17, 29.44, 55.43, 0.29805, 32, 30.51, 3.99, 0.70195, 2, 17, 16.14, 60.08, 0.1334, 32, 17.2, 8.63, 0.8666, 2, 32, -0.71, 8.5, 0.99823, 33, 42.07, 83.7, 0.00177, 2, 32, -28.14, 3.83, 0.87673, 33, 14.64, 79.02, 0.12327, 3, 17, -48.52, 40.2, 0.00286, 32, -47.46, -11.24, 0.64722, 33, -4.68, 63.95, 0.34992, 2, 32, -59.97, -41.09, 0.23694, 33, -17.2, 34.1, 0.76306, 2, 32, -57.85, -76.67, 0.00562, 33, -15.08, -1.48, 0.99438, 2, 17, -44.66, -47.71, 0.09819, 33, -0.82, -23.95, 0.90181, 2, 17, -23.28, -56.49, 0.40531, 33, 20.55, -32.73, 0.59469, 2, 17, 6.22, -54.95, 0.75023, 33, 50.05, -31.19, 0.24977, 3, 17, 31.01, -41.6, 0.91349, 32, 32.07, -93.04, 0.00156, 33, 74.85, -17.85, 0.08495, 3, 17, 43.5, -24.34, 0.95132, 32, 44.56, -75.78, 0.02265, 33, 87.33, -0.58, 0.02604 ],
				"hull": 16,
				"edges": [ 0, 2, 2, 4, 4, 6, 6, 8, 8, 10, 10, 12, 12, 14, 14, 16, 16, 18, 18, 20, 20, 22, 22, 24, 24, 26, 26, 28, 28, 30, 0, 30 ],
				"width": 123,
				"height": 122
			}
		},
		"owl_eye_right_1": {
			"owl_eye_right_1": { "x": -42.41, "y": -12.22, "rotation": -110.48, "width": 192, "height": 220 }
		},
		"owl_eye_right_2": {
			"owl_eye_right_2": {
				"type": "mesh",
				"uvs": [ 0.36108, 0.02825, 0.31837, 0.04288, 0.20804, 0.11271, 0.1264, 0.20535, 0.07868, 0.27902, 0.04879, 0.3615, 0.03274, 0.45756, 0.03515, 0.56991, 0.05441, 0.65865, 0.0916, 0.7737, 0.15538, 0.86316, 0.31152, 0.94045, 0.46884, 0.98331, 0.65625, 0.93203, 0.77937, 0.84757, 0.88291, 0.73666, 0.94835, 0.54545, 0.95045, 0.33327, 0.88841, 0.20389, 0.6861, 0.05937, 0.55968, 0.01878, 0.46765, 0.01716 ],
				"triangles": [ 16, 18, 17, 16, 19, 18, 15, 14, 16, 16, 14, 21, 10, 9, 8, 11, 10, 8, 14, 13, 8, 13, 11, 8, 12, 11, 13, 4, 7, 6, 5, 4, 6, 3, 8, 7, 21, 19, 16, 4, 3, 7, 3, 14, 8, 21, 1, 0, 19, 21, 20, 21, 2, 1, 2, 21, 3, 3, 21, 14 ],
				"vertices": [ 2, 15, 65.59, -11.08, 0.91662, 31, 94.38, 36.26, 0.08338, 2, 15, 65.79, -4.77, 0.93501, 31, 94.58, 42.57, 0.06499, 3, 15, 62.16, 13.07, 0.9756, 14, 107.79, -4.83, 0.00183, 31, 90.96, 60.41, 0.02258, 3, 15, 54.19, 28.25, 0.97647, 14, 99.81, 10.35, 0.02005, 31, 82.98, 75.59, 0.00348, 3, 15, 47, 38.06, 0.95113, 14, 92.62, 20.16, 0.04878, 31, 75.79, 85.41, 1.0E-4, 2, 15, 37.8, 45.96, 0.90685, 14, 83.43, 28.07, 0.09315, 2, 15, 26.17, 52.71, 0.83427, 14, 71.79, 34.81, 0.16573, 2, 15, 11.53, 57.82, 0.71996, 14, 57.15, 39.92, 0.28004, 2, 15, -0.89, 59.58, 0.6056, 14, 44.74, 41.68, 0.3944, 2, 15, -17.58, 60.25, 0.43738, 14, 28.04, 42.36, 0.56262, 2, 15, -32.27, 56.21, 0.30054, 14, 13.35, 38.31, 0.69946, 2, 15, -49.91, 39.46, 0.07662, 14, -4.29, 21.56, 0.92338, 2, 14, -17.54, 3, 0.98319, 31, -34.37, 68.24, 0.01681, 3, 15, -65.71, -6.16, 8.2E-4, 14, -20.09, -24.05, 0.72916, 31, -36.92, 41.19, 0.27002, 3, 15, -60.82, -26.38, 0.00465, 14, -15.2, -44.28, 0.41221, 31, -32.03, 20.96, 0.58314, 2, 14, -5.93, -63.21, 0.1321, 31, -22.76, 2.03, 0.8679, 3, 15, -30.04, -63.13, 0.01241, 14, 15.58, -81.03, 7.0E-5, 31, -1.25, -15.78, 0.98752, 2, 15, -2.72, -73.65, 0.22284, 31, 26.08, -26.31, 0.77716, 2, 15, 17.05, -71.76, 0.37437, 31, 45.84, -24.42, 0.62563, 2, 15, 45.64, -52.21, 0.66953, 31, 74.44, -4.86, 0.33047, 2, 15, 57.08, -37.59, 0.78757, 31, 85.88, 9.76, 0.21243, 2, 15, 61.8, -25.6, 0.85428, 31, 90.59, 21.75, 0.14572 ],
				"hull": 22,
				"edges": [ 0, 2, 2, 4, 4, 6, 6, 8, 8, 10, 10, 12, 12, 14, 14, 16, 16, 18, 18, 20, 20, 22, 22, 24, 24, 26, 26, 28, 28, 30, 30, 32, 32, 34, 34, 36, 36, 38, 38, 40, 40, 42, 0, 42 ],
				"width": 128,
				"height": 129
			}
		},
		"owl_finger_1": {
			"owl_finger_1": {
				"type": "mesh",
				"uvs": [ 0.04055, 0.19073, 0.14388, 0.08328, 0.33745, 0.01441, 0.54159, 0.0022, 0.68389, 0.05448, 0.81567, 0.13112, 0.99465, 0.40009, 0.94316, 0.56297, 0.85441, 0.71878, 0.83222, 0.7498, 0.76788, 0.83971, 0.62102, 0.9721, 0.52858, 1, 0.45591, 1, 0.45657, 0.8188, 0.40649, 0.79715, 0.34394, 0.77011, 0.2541, 0.57301, 0.17957, 0.53198, 0.02476, 0.44675, 0, 0.31432, 0.47158, 0.73979, 0.57438, 0.67097, 0.63055, 0.66291, 0.73933, 0.70588, 0.56968, 0.34087, 0.60427, 0.66668, 0.70139, 0.28738, 0.41512, 0.41429, 0.86775, 0.21503 ],
				"triangles": [ 27, 24, 23, 25, 23, 26, 26, 22, 28, 8, 24, 7, 22, 21, 28, 9, 24, 8, 16, 17, 21, 15, 16, 21, 14, 15, 21, 10, 24, 9, 10, 22, 24, 24, 26, 23, 24, 22, 26, 10, 21, 22, 10, 14, 21, 11, 14, 10, 12, 13, 14, 11, 12, 14, 6, 29, 5, 27, 5, 29, 27, 29, 6, 25, 27, 23, 24, 27, 7, 17, 18, 28, 26, 28, 25, 17, 28, 21, 27, 6, 7, 27, 4, 5, 3, 4, 27, 2, 3, 27, 25, 2, 27, 1, 2, 25, 28, 0, 1, 28, 20, 0, 1, 25, 28, 19, 20, 28, 18, 19, 28 ],
				"vertices": [ 1, 18, -4.85, 7.4, 1, 1, 18, 0.98, 31.42, 1, 1, 18, 20.05, 51.94, 1, 2, 18, 43.89, 62.4, 0.97589, 19, -65.86, 6.54, 0.02411, 2, 18, 64.26, 58.44, 0.88144, 19, -53.62, 23.3, 0.11856, 2, 18, 84.87, 49.55, 0.65817, 19, -36.82, 38.17, 0.34183, 2, 18, 123.02, 6.98, 0.0126, 19, 17.93, 54.62, 0.9874, 2, 19, 48.71, 44.41, 0.97048, 27, -30.28, 37.32, 0.02952, 2, 19, 77.56, 29.67, 0.45372, 27, 1.69, 32, 0.54628, 1, 27, 8.16, 30.37, 1, 1, 27, 26.92, 25.66, 1, 1, 27, 55.8, 12.23, 1, 1, 27, 63.36, 1.73, 1, 1, 27, 65.1, -7.34, 1, 1, 27, 30.39, -13.93, 1, 1, 27, 27.44, -20.97, 1, 3, 18, 67.43, -87.6, 0.00953, 19, 79.93, -35.89, 0.25111, 27, 23.77, -29.77, 0.73936, 3, 18, 44.46, -54.75, 0.31402, 19, 40.42, -42.73, 0.60737, 27, -11.82, -48.24, 0.07862, 3, 18, 32.95, -50.15, 0.55944, 19, 31.37, -51.19, 0.4228, 27, -17.89, -59.05, 0.01775, 2, 18, 9.04, -40.6, 0.855, 19, 12.56, -68.78, 0.145, 2, 18, -2.11, -17.1, 0.97779, 19, -13.45, -68.88, 0.02221, 1, 27, 14.9, -14.97, 1, 1, 27, -0.75, -4.69, 1, 1, 27, -3.64, 2.02, 1, 1, 27, 1.98, 17.17, 1, 2, 18, 68.16, 0.87, 0.2383, 19, 0.15, 2.37, 0.7617, 1, 27, -2.29, -1.12, 1, 2, 18, 80.73, 16.06, 0.35409, 19, -8.25, 20.2, 0.64591, 2, 18, 54.07, -18.92, 0.51459, 19, 12.07, -18.8, 0.48541, 2, 18, 96.31, 36.12, 0.40343, 19, -19.8, 42.83, 0.59657 ],
				"hull": 21,
				"edges": [ 0, 2, 2, 4, 4, 6, 6, 8, 8, 10, 10, 12, 12, 14, 14, 16, 20, 22, 22, 24, 24, 26, 26, 28, 32, 34, 38, 40, 0, 40, 28, 30, 30, 32, 30, 42, 42, 44, 46, 48, 16, 18, 18, 20, 48, 18, 2, 50, 44, 52, 52, 46, 50, 52, 4, 54, 54, 48, 54, 50, 50, 56, 56, 0, 34, 36, 36, 38, 56, 36, 54, 58, 56, 42 ],
				"width": 121,
				"height": 195
			}
		},
		"owl_finger_2": {
			"owl_finger_2": {
				"type": "mesh",
				"uvs": [ 0.09562, 0.15478, 0.16086, 0.08351, 0.19574, 0.04541, 0.30633, 0.01006, 0.52613, 0.00787, 0.60122, 0.04478, 0.74395, 0.05098, 0.81662, 0.14541, 0.88618, 0.24956, 1, 0.35094, 0.99042, 0.44255, 0.97203, 0.49019, 0.97223, 0.52709, 0.98212, 0.57875, 0.96297, 0.65287, 0.89992, 0.73309, 0.87474, 0.76513, 0.84628, 0.81649, 0.78114, 0.92028, 0.73984, 0.96585, 0.69536, 0.9861, 0.65564, 0.98357, 0.63658, 0.96205, 0.6334, 0.85066, 0.55874, 0.81649, 0.5222, 0.79244, 0.49202, 0.64054, 0.44868, 0.52616, 0.4003, 0.46549, 0.3574, 0.4117, 0.20478, 0.37236, 0.08508, 0.35924, 0.04019, 0.31513, 0.05836, 0.22399, 0.06562, 0.18756, 0.5988, 0.72228, 0.63214, 0.67701, 0.67909, 0.64484, 0.72533, 0.63279, 0.77931, 0.63887, 0.83517, 0.6795, 0.63177, 0.28759, 0.71419, 0.22882, 0.54943, 0.34692 ],
				"triangles": [ 39, 42, 40, 39, 38, 41, 27, 36, 26, 43, 38, 37, 43, 37, 36, 14, 40, 13, 35, 26, 36, 15, 40, 14, 16, 40, 15, 25, 26, 35, 24, 25, 35, 17, 40, 16, 35, 36, 17, 17, 23, 35, 24, 35, 23, 40, 37, 38, 40, 38, 39, 40, 36, 37, 40, 17, 36, 18, 23, 17, 19, 22, 23, 18, 19, 23, 20, 21, 22, 19, 20, 22, 42, 5, 6, 42, 6, 7, 42, 7, 8, 41, 1, 42, 10, 8, 9, 10, 42, 8, 27, 28, 43, 39, 41, 42, 10, 11, 42, 40, 42, 11, 43, 41, 38, 43, 36, 27, 11, 12, 40, 12, 13, 40, 3, 4, 5, 42, 3, 5, 1, 2, 3, 42, 1, 3, 0, 1, 41, 43, 0, 41, 33, 34, 0, 43, 33, 0, 30, 31, 33, 32, 33, 31, 43, 30, 33, 29, 30, 43, 28, 29, 43 ],
				"vertices": [ 1, 6, -4.63, 2.58, 1, 1, 6, 1.05, 18.07, 1, 2, 6, 4.09, 26.35, 0.99927, 7, -57.54, -54.51, 7.3E-4, 2, 6, 18.12, 37.23, 0.98152, 7, -60.79, -37.05, 0.01848, 2, 6, 49.49, 46.62, 0.7839, 7, -54.76, -4.86, 0.2161, 2, 6, 62.15, 43.06, 0.58754, 7, -45.79, 4.76, 0.41246, 2, 6, 82.92, 47.79, 0.23749, 7, -40.48, 25.38, 0.76251, 2, 6, 98.18, 33.78, 0.05497, 7, -21.04, 32.53, 0.94503, 1, 7, 0.09, 38.87, 1, 2, 7, 22.01, 51.78, 0.99874, 28, -57.99, 37.75, 0.00126, 2, 7, 38.53, 47.02, 0.97286, 28, -40.8, 37.59, 0.02714, 2, 7, 46.72, 42.58, 0.91882, 28, -31.71, 35.51, 0.08118, 2, 7, 53.5, 41.26, 0.83922, 28, -24.83, 36.05, 0.16078, 2, 7, 63.26, 40.8, 0.70205, 28, -15.31, 38.23, 0.29795, 2, 7, 76.29, 35.29, 0.46226, 28, -1.27, 36.4, 0.53774, 1, 28, 14.38, 28.13, 1, 1, 28, 20.63, 24.83, 1, 1, 28, 30.52, 21.31, 1, 1, 28, 50.59, 13.06, 1, 1, 28, 59.54, 7.54, 1, 1, 28, 63.8, 1.21, 1, 1, 28, 63.76, -4.72, 1, 1, 28, 59.96, -7.85, 1, 1, 28, 39.22, -9.85, 1, 1, 28, 33.67, -21.42, 1, 1, 28, 29.58, -27.18, 1, 3, 6, 77.11, -68.53, 0.02491, 7, 60.25, -33.07, 0.55556, 28, 1.58, -33.75, 0.41953, 3, 6, 65.03, -49.74, 0.22564, 7, 38.01, -35.2, 0.7244, 28, -19.27, -41.76, 0.04996, 3, 6, 54.98, -40.81, 0.50861, 7, 25.47, -40.04, 0.48656, 28, -30.06, -49.79, 0.00482, 3, 6, 46.07, -32.9, 0.79201, 7, 14.35, -44.33, 0.20799, 28, -39.62, -56.9, 0, 2, 6, 22.18, -32.07, 0.99094, 7, 2.68, -65.19, 0.00906, 1, 6, 4.36, -34.61, 1, 1, 6, -4.34, -28.52, 1, 1, 6, -6.42, -11.39, 1, 1, 6, -7.25, -4.54, 1, 1, 28, 15.66, -16.76, 1, 1, 28, 6.85, -12.43, 1, 1, 28, 0.34, -5.89, 1, 1, 28, -2.42, 0.81, 1, 1, 28, -1.88, 8.92, 1, 1, 28, 5.09, 17.78, 1, 1, 7, -0.38, 0.31, 1, 2, 6, 87.79, 14.59, 0.03353, 7, -8.74, 14.51, 0.96647, 2, 6, 70.25, -13.39, 0.63705, 7, 8.09, -13.9, 0.36295 ],
				"hull": 35,
				"edges": [ 4, 6, 6, 8, 8, 10, 10, 12, 12, 14, 14, 16, 16, 18, 18, 20, 20, 22, 22, 24, 24, 26, 26, 28, 32, 34, 34, 36, 36, 38, 38, 40, 40, 42, 42, 44, 44, 46, 46, 48, 48, 50, 50, 52, 52, 54, 58, 60, 60, 62, 62, 64, 50, 70, 70, 72, 72, 74, 74, 76, 76, 78, 78, 80, 28, 30, 30, 32, 80, 30, 0, 68, 0, 82, 82, 76, 0, 2, 2, 4, 2, 84, 84, 80, 64, 66, 66, 68, 66, 86, 86, 72, 54, 56, 56, 58, 86, 56, 86, 82, 82, 84, 84, 14 ],
				"width": 142,
				"height": 182
			}
		},
		"owl_finger_3": {
			"owl_finger_3": {
				"type": "mesh",
				"uvs": [ 0.37125, 0.01194, 0.20334, 0.05538, 0.11209, 0.17959, 0.06229, 0.38146, 0.05698, 0.43097, 0.04585, 0.53473, 0.11708, 0.69486, 0.24472, 0.81738, 0.33526, 0.84006, 0.40316, 0.93504, 0.50953, 0.99174, 0.54866, 1, 0.59488, 0.99232, 0.61061, 0.96846, 0.62458, 0.92053, 0.62913, 0.85969, 0.69447, 0.85619, 0.80023, 0.74779, 0.87773, 0.50959, 0.88806, 0.41736, 0.90477, 0.268, 0.83988, 0.12236, 0.7101, 0.04334, 0.51543, 0.00496, 0.32574, 0.763, 0.33166, 0.70368, 0.35185, 0.68294, 0.41152, 0.66189, 0.52753, 0.65653, 0.62129, 0.68077, 0.24716, 0.4266, 0.41309, 0.42379, 0.43081, 0.661, 0.56158, 0.42405, 0.56712, 0.66676 ],
				"triangles": [ 34, 28, 33, 32, 31, 28, 27, 31, 32, 18, 34, 33, 29, 34, 18, 26, 30, 27, 30, 26, 25, 17, 29, 18, 24, 6, 25, 7, 6, 24, 25, 27, 24, 27, 8, 24, 7, 24, 8, 16, 29, 17, 15, 29, 16, 29, 15, 34, 25, 26, 27, 32, 9, 8, 32, 28, 34, 32, 8, 27, 32, 15, 9, 34, 15, 32, 14, 9, 15, 14, 10, 9, 13, 10, 14, 13, 11, 10, 12, 11, 13, 5, 25, 6, 22, 21, 33, 31, 0, 23, 33, 31, 23, 22, 33, 23, 21, 20, 33, 2, 1, 0, 0, 30, 2, 30, 3, 2, 19, 33, 20, 0, 31, 30, 4, 3, 30, 30, 5, 4, 30, 25, 5, 18, 33, 19, 28, 31, 33, 27, 30, 31 ],
				"vertices": [ 1, 4, 0.33, -15.89, 1, 1, 4, 10.52, -34.95, 1, 1, 4, 35.08, -43.41, 1, 2, 4, 73.84, -45.5, 0.92503, 5, -22.75, -43.53, 0.07497, 2, 4, 83.26, -45.19, 0.83239, 5, -13.4, -44.76, 0.16761, 2, 4, 103.01, -44.55, 0.55282, 5, 6.18, -47.36, 0.44718, 3, 4, 132.44, -33.1, 0.14526, 5, 37.09, -40.86, 0.73865, 25, 0.09, -42.2, 0.11609, 3, 4, 154.1, -15.67, 0.01293, 5, 61.3, -27.21, 0.3907, 25, 25.27, -30.42, 0.59637, 1, 25, 31.04, -20.35, 1, 2, 5, 84.83, -9.83, 0.00365, 25, 50.04, -14.88, 0.99635, 1, 25, 62.48, -3.85, 1, 1, 25, 64.68, 0.54, 1, 1, 25, 64.01, 6.19, 1, 1, 25, 59.78, 8.68, 1, 1, 25, 51, 11.6, 1, 1, 25, 39.63, 13.75, 1, 1, 25, 40.06, 21.54, 1, 2, 5, 52.37, 39.62, 0.02189, 25, 21.42, 36.89, 0.97811, 3, 4, 88.43, 53.48, 0.20662, 5, 7.8, 51.74, 0.41456, 25, -22.1, 52.35, 0.37882, 3, 4, 70.87, 52.96, 0.46046, 5, -9.6, 54.1, 0.35227, 25, -39.28, 56.02, 0.18727, 3, 4, 42.43, 52.12, 0.81327, 5, -37.8, 57.91, 0.145, 25, -67.1, 61.96, 0.04173, 3, 4, 15.67, 41.69, 0.96135, 5, -65.91, 51.99, 0.03467, 25, -95.58, 58.19, 0.00398, 3, 4, 2.26, 24.83, 0.99395, 5, -81.89, 37.55, 0.00605, 25, -112.61, 45, 0, 1, 4, -2.7, 1.05, 1, 1, 25, 16.38, -19.43, 1, 1, 25, 5.32, -17.15, 1, 1, 25, 1.76, -14.22, 1, 1, 25, -1.21, -6.63, 1, 1, 25, -0.29, 7.18, 1, 1, 25, 5.84, 17.59, 1, 2, 4, 80.19, -22.76, 0.91393, 5, -12.77, -22.13, 0.08607, 1, 4, 77.7, -3.16, 1, 1, 25, -1.06, -4.33, 1, 3, 4, 75.99, 14.43, 0.62139, 5, -10.84, 15.24, 0.32669, 25, -43.46, 17.37, 0.05192, 1, 25, 2.3, 11.57, 1 ],
				"hull": 24,
				"edges": [ 0, 2, 2, 4, 4, 6, 10, 12, 12, 14, 14, 16, 16, 18, 18, 20, 20, 22, 22, 24, 24, 26, 26, 28, 28, 30, 30, 32, 32, 34, 34, 36, 40, 42, 42, 44, 44, 46, 0, 46, 16, 48, 48, 50, 50, 52, 52, 54, 58, 30, 0, 60, 60, 50, 46, 62, 54, 64, 64, 56, 62, 64, 44, 66, 56, 68, 68, 58, 66, 68, 6, 8, 8, 10, 8, 60, 60, 62, 62, 66, 36, 38, 38, 40, 66, 38 ],
				"width": 99,
				"height": 190
			}
		},
		"owl_finger_4": {
			"owl_finger_4": {
				"type": "mesh",
				"uvs": [ 0.46879, 0.00106, 0.34128, 0.02993, 0.24317, 0.08581, 0.15627, 0.18693, 0.11381, 0.27463, 0.08045, 0.5024, 0.06946, 0.57246, 0.14443, 0.73308, 0.36717, 0.84219, 0.44749, 0.98113, 0.48925, 1, 0.5278, 0.99197, 0.57171, 0.96486, 0.62311, 0.88082, 0.74653, 0.84773, 0.87808, 0.72204, 0.92064, 0.62083, 0.92625, 0.48619, 0.92898, 0.38273, 0.91371, 0.28889, 0.83303, 0.18263, 0.72696, 0.06548, 0.58475, 0.01448, 0.37382, 0.78021, 0.37982, 0.75114, 0.43037, 0.7158, 0.48764, 0.69834, 0.56365, 0.69275, 0.62268, 0.72922, 0.64721, 0.77838, 0.63431, 0.75252, 0.36129, 0.49809, 0.48281, 0.496, 0.61642, 0.4927 ],
				"triangles": [ 10, 9, 11, 11, 9, 12, 12, 9, 13, 13, 9, 8, 13, 8, 23, 23, 26, 13, 25, 23, 24, 26, 23, 25, 30, 13, 27, 27, 13, 26, 13, 29, 14, 13, 30, 29, 30, 27, 28, 14, 29, 15, 8, 7, 23, 24, 23, 31, 29, 30, 15, 15, 30, 16, 25, 24, 31, 28, 33, 30, 25, 31, 26, 26, 32, 27, 28, 27, 33, 7, 6, 31, 31, 23, 7, 31, 6, 5, 33, 16, 30, 31, 32, 26, 27, 32, 33, 16, 33, 17, 5, 4, 31, 32, 1, 0, 31, 4, 3, 32, 0, 22, 3, 2, 31, 1, 32, 31, 32, 22, 33, 2, 1, 31, 17, 33, 18, 33, 20, 19, 20, 22, 21, 20, 33, 22, 18, 33, 19 ],
				"vertices": [ 1, 2, -5.65, 3.26, 1, 1, 2, -0.27, -13.65, 1, 1, 2, 10.83, -26.91, 1, 2, 2, 31.34, -39.04, 0.99899, 3, -65.31, -39.04, 0.00101, 2, 2, 49.28, -45.25, 0.97227, 3, -47.37, -45.25, 0.02773, 2, 2, 96.24, -51.3, 0.45666, 3, -0.4, -51.3, 0.54334, 3, 2, 110.68, -53.26, 0.27162, 3, 14.04, -53.26, 0.72794, 26, -26.53, -53.19, 4.4E-4, 3, 2, 144.26, -44.64, 0.03167, 3, 47.62, -44.64, 0.81176, 26, 7.07, -44.66, 0.15657, 1, 26, 30.76, -16.37, 1, 1, 26, 59.9, -6.96, 1, 1, 26, 64.02, -1.65, 1, 1, 26, 62.55, 3.46, 1, 1, 26, 57.17, 9.43, 1, 1, 26, 40.04, 16.82, 1, 3, 2, 170.8, 33.34, 3.3E-4, 3, 74.16, 33.34, 0.23918, 26, 33.82, 33.24, 0.7605, 3, 2, 145.42, 51.49, 0.05129, 3, 48.78, 51.49, 0.64943, 26, 8.49, 51.47, 0.29928, 3, 2, 124.68, 57.81, 0.18335, 3, 28.04, 57.81, 0.7241, 26, -12.23, 57.85, 0.09255, 3, 2, 96.86, 59.55, 0.51754, 3, 0.21, 59.55, 0.47888, 26, -40.06, 59.65, 0.00358, 2, 2, 75.47, 60.67, 0.77495, 3, -21.18, 60.67, 0.22505, 2, 2, 55.98, 59.37, 0.91149, 3, -40.66, 59.37, 0.08851, 2, 2, 33.62, 49.59, 0.98669, 3, -63.02, 49.59, 0.01331, 1, 2, 8.89, 36.58, 1, 1, 2, -2.33, 18.34, 1, 1, 26, 17.97, -15.01, 1, 1, 26, 11.99, -13.99, 1, 1, 26, 4.94, -7.09, 1, 1, 26, 1.61, 0.55, 1, 1, 26, 0.84, 10.54, 1, 1, 26, 8.68, 17.98, 1, 1, 26, 18.97, 20.8, 1, 1, 26, 13.56, 19.31, 1, 2, 2, 96.67, -14.5, 0.50499, 3, 0.02, -14.5, 0.49501, 2, 2, 96.81, 1.42, 0.44298, 3, 0.16, 1.42, 0.55702, 2, 2, 96.75, 18.94, 0.52015, 3, 0.11, 18.94, 0.47985 ],
				"hull": 23,
				"edges": [ 0, 2, 2, 4, 4, 6, 6, 8, 12, 14, 14, 16, 16, 18, 18, 20, 20, 22, 22, 24, 24, 26, 26, 28, 28, 30, 30, 32, 36, 38, 38, 40, 40, 42, 42, 44, 0, 44, 16, 46, 46, 48, 48, 50, 50, 52, 52, 54, 54, 56, 58, 26, 56, 60, 60, 58, 8, 10, 10, 12, 2, 62, 62, 46, 10, 62, 0, 64, 64, 52, 62, 64, 44, 66, 66, 60, 64, 66, 32, 34, 34, 36, 66, 34 ],
				"width": 112,
				"height": 207
			}
		},
		"owl_part": {
			"owl_part": {
				"type": "mesh",
				"uvs": [ 0.0972, 0.27607, 0.16162, 0.22014, 0.20744, 0.19534, 0.27417, 0.18829, 0.33447, 0.19512, 0.47461, 0.26836, 0.4938, 0.18994, 0.54499, 0.06338, 0.59531, 0.02577, 0.66612, 0.00734, 0.73598, 0.00948, 0.8029, 0.03448, 0.91099, 0.12963, 0.9474, 0.17651, 0.96935, 0.23738, 0.98314, 0.30176, 0.98802, 0.3846, 0.98143, 0.49968, 0.95311, 0.60361, 0.91265, 0.75348, 0.87913, 0.82086, 0.81904, 0.89391, 0.76413, 0.93112, 0.65651, 0.97328, 0.55811, 0.99193, 0.48892, 0.99922, 0.38256, 0.98019, 0.26273, 0.93723, 0.10455, 0.78558, 0.02104, 0.65595, 0, 0.48852, 0.0372, 0.34964 ],
				"triangles": [ 15, 13, 14, 13, 16, 12, 10, 11, 12, 0, 5, 29, 0, 30, 31, 1, 2, 3, 4, 1, 3, 4, 0, 1, 4, 5, 0, 12, 18, 10, 7, 9, 10, 7, 8, 9, 10, 18, 7, 18, 6, 7, 18, 5, 6, 16, 13, 15, 17, 18, 16, 0, 29, 30, 16, 18, 12, 5, 28, 29, 19, 20, 18, 18, 20, 22, 20, 21, 22, 27, 28, 5, 22, 5, 18, 23, 5, 22, 26, 27, 5, 5, 24, 26, 23, 24, 5, 25, 26, 24 ],
				"vertices": [ 2, 1, 525.69, 212.74, 0.32178, 8, 94.37, 226.83, 0.67822, 2, 1, 543.52, 160.89, 0.21791, 8, 110.95, 174.58, 0.78209, 2, 1, 547.47, 127.29, 0.16614, 8, 114.09, 140.89, 0.83386, 2, 1, 536.24, 84.68, 0.10832, 8, 101.85, 98.56, 0.89168, 2, 1, 518.39, 49.06, 0.06587, 8, 83.15, 63.37, 0.93413, 1, 8, 6.53, -5.1, 1, 1, 8, 47.19, -34.99, 1, 2, 1, 546.89, -109.23, 4.2E-4, 8, 107.85, -95.55, 0.99958, 2, 1, 557.27, -148.4, 0.01079, 8, 117.3, -134.95, 0.98921, 2, 1, 551.75, -196, 0.04052, 8, 110.64, -182.41, 0.95948, 2, 1, 534.44, -238.53, 0.08376, 8, 92.31, -224.51, 0.91624, 2, 1, 504.47, -274.27, 0.14089, 8, 61.5, -259.53, 0.85911, 2, 1, 424.09, -320.05, 0.30138, 8, -19.96, -303.37, 0.69862, 2, 1, 388.36, -332.24, 0.36587, 8, -55.97, -314.71, 0.63413, 2, 1, 347.79, -332.48, 0.4388, 8, -96.53, -313.98, 0.5612, 2, 1, 307.04, -326.94, 0.51959, 8, -137.13, -307.46, 0.48041, 2, 1, 257.57, -311.88, 0.62605, 8, -186.23, -291.22, 0.37395, 2, 1, 191.93, -282.74, 0.76475, 8, -251.16, -260.52, 0.23525, 2, 1, 137.78, -242.65, 0.87238, 8, -304.33, -219.15, 0.12762, 2, 1, 59.62, -185.08, 0.9678, 8, -381.09, -159.72, 0.0322, 2, 1, 27.99, -149.76, 0.98691, 8, -411.86, -123.66, 0.01309, 2, 1, -0.82, -96.86, 0.99781, 8, -439.4, -70.08, 0.00219, 2, 1, -9.92, -54.95, 0.9999, 8, -447.5, -27.97, 1.0E-4, 1, 1, -9.79, 20.48, 1, 1, 1, 1.95, 85.1, 1, 1, 1, 13.6, 129.28, 1, 2, 1, 49.15, 190.59, 0.99711, 8, -382.57, 216.09, 0.00289, 2, 1, 101.78, 254.98, 0.9787, 8, -328.42, 279.2, 0.0213, 2, 1, 226.64, 319.28, 0.873, 8, -202.05, 340.49, 0.127, 2, 1, 321.49, 342.42, 0.75205, 8, -106.67, 361.36, 0.24795, 2, 1, 424.05, 318.87, 0.58934, 8, -4.71, 335.36, 0.41066, 2, 1, 496.55, 265.71, 0.43194, 8, 66.5, 280.48, 0.56806 ],
				"hull": 32,
				"edges": [ 0, 2, 2, 4, 4, 6, 6, 8, 8, 10, 10, 12, 12, 14, 14, 16, 16, 18, 18, 20, 20, 22, 22, 24, 24, 26, 26, 28, 28, 30, 30, 32, 32, 34, 34, 36, 36, 38, 38, 40, 40, 42, 42, 44, 44, 46, 46, 48, 48, 50, 50, 52, 52, 54, 54, 56, 56, 58, 58, 60, 60, 62, 0, 62 ],
				"width": 642,
				"height": 613
			}
		},
		"owl_wing_left": {
			"owl_wing_left": {
				"type": "mesh",
				"uvs": [ 0.1099, 0.08597, 0.05999, 0.02852, 0.08191, 0.02238, 0.17251, 0.03336, 0.42931, 0.06447, 0.51168, 0.0936, 0.68504, 0.15491, 0.82499, 0.24885, 0.90066, 0.29965, 0.95267, 0.40838, 0.96027, 0.42427, 0.9682, 0.44084, 1, 0.50731, 0.94384, 0.61773, 0.91581, 0.64501, 0.76799, 0.78885, 0.69551, 0.835, 0.63956, 0.87063, 0.46861, 0.96322, 0.37307, 0.99099, 0.34608, 0.95338, 0.33002, 0.93101, 0.41739, 0.79505, 0.42959, 0.77607, 0.41439, 0.63783, 0.39973, 0.50444, 0.37603, 0.46738, 0.36649, 0.45247, 0.35694, 0.43755, 0.29356, 0.33849, 0.21274, 0.21217, 0.19378, 0.18253, 0.40613, 0.14491, 0.59816, 0.2956, 0.68297, 0.45354, 0.66548, 0.63996, 0.56497, 0.8142, 0.46077, 0.12083, 0.67592, 0.27951, 0.76329, 0.4497, 0.75122, 0.64211, 0.63609, 0.82464, 0.33313, 0.17123, 0.50339, 0.31043, 0.58525, 0.45908, 0.57215, 0.64018, 0.49558, 0.80506, 0.57624, 0.44272, 0.67442, 0.43762, 0.75467, 0.43291, 0.56753, 0.42692, 0.66554, 0.42109, 0.74631, 0.41663 ],
				"triangles": [ 39, 49, 10, 39, 10, 11, 34, 48, 49, 34, 49, 39, 44, 47, 48, 44, 48, 34, 26, 27, 47, 26, 47, 44, 25, 26, 44, 39, 12, 40, 12, 39, 11, 25, 45, 24, 35, 44, 34, 44, 45, 25, 40, 35, 34, 34, 39, 40, 44, 35, 45, 12, 13, 40, 14, 40, 13, 23, 24, 45, 15, 40, 14, 45, 46, 23, 36, 45, 35, 40, 41, 35, 45, 36, 46, 22, 23, 46, 36, 35, 41, 40, 15, 41, 16, 41, 15, 17, 41, 16, 21, 22, 46, 19, 20, 36, 21, 46, 20, 46, 36, 20, 36, 41, 18, 18, 41, 17, 36, 18, 19, 3, 1, 2, 32, 0, 1, 37, 4, 5, 3, 4, 37, 32, 3, 37, 32, 1, 3, 37, 5, 6, 42, 0, 32, 31, 0, 42, 30, 31, 42, 37, 38, 32, 38, 6, 7, 6, 38, 37, 33, 42, 32, 38, 33, 32, 43, 42, 33, 30, 42, 43, 29, 30, 43, 8, 52, 38, 8, 38, 7, 52, 8, 9, 33, 38, 52, 51, 33, 52, 43, 33, 51, 50, 43, 51, 28, 29, 43, 50, 28, 43, 49, 52, 9, 49, 9, 10, 48, 51, 52, 48, 52, 49, 47, 50, 51, 47, 51, 48, 27, 28, 50, 27, 50, 47 ],
				"vertices": [ 1, 29, -3.87, -16.05, 1, 1, 29, -25.7, -13.03, 1, 1, 29, -26.15, -9.11, 1, 1, 29, -16.38, 1.02, 1, 1, 29, 11.3, 29.72, 1, 1, 29, 26.3, 35.73, 1, 1, 29, 57.88, 48.37, 1, 1, 29, 97.6, 51.14, 1, 2, 29, 119.07, 52.63, 0.98786, 30, -54.12, 25.53, 0.01214, 2, 29, 157.45, 41.32, 0.56778, 30, -16.5, 39.15, 0.43222, 2, 29, 163.06, 39.66, 0.45153, 30, -11.01, 41.15, 0.54847, 2, 29, 168.91, 37.94, 0.33524, 30, -5.27, 43.22, 0.66476, 2, 29, 192.37, 31.02, 0.05785, 30, 17.72, 51.55, 0.94215, 1, 30, 58.39, 49.35, 1, 1, 30, 68.76, 46.71, 1, 1, 30, 123.43, 32.84, 1, 1, 30, 141.54, 24.7, 1, 1, 30, 155.52, 18.42, 1, 1, 30, 192.43, -1.68, 1, 1, 30, 204.5, -14.22, 1, 1, 30, 191.7, -20.26, 1, 1, 30, 184.08, -23.85, 1, 1, 30, 133.59, -18.45, 1, 1, 30, 126.54, -17.7, 1, 1, 30, 77.56, -27.52, 1, 2, 29, 150.01, -47.76, 0.18546, 30, 30.3, -37, 0.81454, 2, 29, 136.52, -44.69, 0.43968, 30, 17.61, -42.53, 0.56032, 2, 29, 131.09, -43.46, 0.55041, 30, 12.51, -44.75, 0.44959, 2, 29, 125.66, -42.23, 0.65599, 30, 7.4, -46.98, 0.34401, 2, 29, 89.59, -34.03, 0.98742, 30, -26.51, -61.75, 0.01258, 1, 29, 43.6, -23.57, 1, 1, 29, 32.81, -21.12, 1, 1, 29, 35.43, 13.21, 1, 1, 29, 96.9, 13.37, 1, 1, 30, 5.72, 1.91, 1, 1, 30, 72.63, 9.57, 1, 1, 30, 137.08, 4.33, 1, 1, 29, 31.5, 24.45, 1, 1, 29, 97.12, 26.33, 1, 2, 29, 157.6, 9.4, 0.24454, 30, 2.53, 13.53, 0.75546, 1, 30, 71.46, 22.32, 1, 1, 30, 139.19, 15.38, 1, 1, 29, 38.81, -0.83, 1, 2, 29, 95.1, -1.63, 0.99991, 30, -41.27, -32.39, 9.0E-5, 2, 29, 148.31, -15.68, 0.25246, 30, 9.91, -12.17, 0.74754, 1, 30, 74.82, -4.16, 1, 1, 30, 135.39, -6.39, 1, 2, 29, 142.45, -14.13, 0.4993, 30, 4.28, -14.4, 0.5007, 2, 29, 147.6, -0.31, 0.47803, 30, 0.23, -0.22, 0.52197, 2, 29, 151.63, 11.07, 0.49022, 30, -3.26, 11.34, 0.50978, 2, 29, 136.8, -12.64, 0.73155, 30, -1.16, -16.55, 0.26845, 1, 29, 141.7, 1.28, 1, 2, 29, 145.84, 12.69, 0.74064, 30, -8.88, 9.22, 0.25936 ],
				"hull": 32,
				"edges": [ 24, 26, 34, 36, 36, 38, 4, 2, 2, 64, 64, 66, 68, 70, 70, 72, 72, 38, 4, 6, 6, 8, 6, 74, 74, 76, 78, 80, 80, 82, 82, 36, 2, 0, 0, 62, 0, 84, 84, 86, 88, 90, 90, 92, 38, 40, 40, 42, 92, 40, 50, 52, 88, 52, 88, 68, 68, 78, 22, 24, 78, 22, 86, 58, 86, 66, 66, 76, 12, 14, 14, 16, 76, 14, 8, 10, 10, 12, 74, 10, 74, 64, 64, 84, 58, 60, 60, 62, 84, 60, 26, 28, 28, 30, 80, 28, 46, 48, 48, 50, 90, 48, 90, 70, 70, 80, 30, 32, 32, 34, 82, 32, 82, 72, 72, 92, 42, 44, 44, 46, 92, 44, 94, 88, 52, 54, 94, 54, 96, 68, 94, 96, 98, 78, 96, 98, 20, 22, 98, 20, 54, 56, 56, 58, 86, 100, 100, 94, 56, 100, 66, 102, 102, 96, 100, 102, 76, 104, 104, 98, 102, 104, 16, 18, 18, 20, 104, 18 ],
				"width": 136,
				"height": 340
			}
		},
		"owl_wing_right": {
			"owl_wing_right": {
				"type": "mesh",
				"uvs": [ 0.1099, 0.08597, 0.05999, 0.02852, 0.08191, 0.02238, 0.17251, 0.03336, 0.42931, 0.06447, 0.51168, 0.0936, 0.68504, 0.15491, 0.82499, 0.24885, 0.90066, 0.29965, 0.95267, 0.40838, 0.96027, 0.42427, 0.9682, 0.44084, 1, 0.50731, 0.94384, 0.61773, 0.91581, 0.64501, 0.76799, 0.78885, 0.69551, 0.835, 0.63956, 0.87063, 0.46861, 0.96322, 0.37307, 0.99099, 0.34608, 0.95338, 0.33002, 0.93101, 0.41739, 0.79505, 0.42959, 0.77607, 0.41439, 0.63783, 0.39973, 0.50444, 0.37603, 0.46738, 0.36649, 0.45247, 0.35694, 0.43755, 0.29356, 0.33849, 0.21274, 0.21217, 0.19378, 0.18253, 0.40613, 0.14491, 0.59816, 0.2956, 0.68297, 0.45354, 0.66548, 0.63996, 0.56497, 0.8142, 0.46077, 0.12083, 0.67592, 0.27951, 0.76329, 0.4497, 0.75122, 0.64211, 0.63609, 0.82464, 0.33313, 0.17123, 0.50339, 0.31043, 0.58525, 0.45908, 0.57215, 0.64018, 0.49558, 0.80506, 0.57624, 0.44272, 0.67442, 0.43762, 0.75467, 0.43291, 0.56753, 0.42692, 0.66554, 0.42109, 0.74631, 0.41663 ],
				"triangles": [ 39, 49, 10, 39, 10, 11, 34, 48, 49, 34, 49, 39, 44, 47, 48, 44, 48, 34, 26, 27, 47, 26, 47, 44, 25, 26, 44, 39, 12, 40, 12, 39, 11, 25, 45, 24, 35, 44, 34, 44, 45, 25, 40, 35, 34, 34, 39, 40, 44, 35, 45, 12, 13, 40, 14, 40, 13, 23, 24, 45, 15, 40, 14, 45, 46, 23, 36, 45, 35, 40, 41, 35, 45, 36, 46, 22, 23, 46, 36, 35, 41, 40, 15, 41, 16, 41, 15, 17, 41, 16, 21, 22, 46, 19, 20, 36, 21, 46, 20, 46, 36, 20, 36, 41, 18, 18, 41, 17, 36, 18, 19, 3, 1, 2, 32, 0, 1, 37, 4, 5, 3, 4, 37, 32, 3, 37, 32, 1, 3, 37, 5, 6, 42, 0, 32, 31, 0, 42, 30, 31, 42, 37, 38, 32, 38, 6, 7, 6, 38, 37, 33, 42, 32, 38, 33, 32, 43, 42, 33, 30, 42, 43, 29, 30, 43, 8, 52, 38, 8, 38, 7, 52, 8, 9, 33, 38, 52, 51, 33, 52, 43, 33, 51, 50, 43, 51, 28, 29, 43, 50, 28, 43, 49, 52, 9, 49, 9, 10, 48, 51, 52, 48, 52, 49, 47, 50, 51, 47, 51, 48, 27, 28, 50, 27, 50, 47 ],
				"vertices": [ 1, 9, -3.87, -16.05, 1, 1, 9, -25.7, -13.03, 1, 1, 9, -26.15, -9.11, 1, 1, 9, -16.38, 1.02, 1, 1, 9, 11.3, 29.72, 1, 1, 9, 26.3, 35.73, 1, 1, 9, 57.88, 48.37, 1, 1, 9, 97.6, 51.14, 1, 2, 9, 119.07, 52.63, 0.98786, 10, -54.12, 25.53, 0.01214, 2, 9, 157.45, 41.32, 0.56778, 10, -16.5, 39.15, 0.43222, 2, 9, 163.06, 39.66, 0.45153, 10, -11.01, 41.15, 0.54847, 2, 9, 168.91, 37.94, 0.33524, 10, -5.27, 43.22, 0.66476, 2, 9, 192.37, 31.02, 0.05785, 10, 17.72, 51.55, 0.94215, 1, 10, 58.39, 49.35, 1, 1, 10, 68.76, 46.71, 1, 1, 10, 123.43, 32.84, 1, 1, 10, 141.54, 24.7, 1, 1, 10, 155.52, 18.42, 1, 1, 10, 192.43, -1.68, 1, 1, 10, 204.5, -14.22, 1, 1, 10, 191.7, -20.26, 1, 1, 10, 184.08, -23.85, 1, 1, 10, 133.59, -18.45, 1, 1, 10, 126.54, -17.7, 1, 1, 10, 77.56, -27.52, 1, 2, 9, 150.01, -47.76, 0.18546, 10, 30.3, -37, 0.81454, 2, 9, 136.52, -44.69, 0.43968, 10, 17.61, -42.53, 0.56032, 2, 9, 131.09, -43.46, 0.55041, 10, 12.51, -44.75, 0.44959, 2, 9, 125.66, -42.23, 0.65599, 10, 7.4, -46.98, 0.34401, 2, 9, 89.59, -34.03, 0.98742, 10, -26.51, -61.75, 0.01258, 1, 9, 43.6, -23.57, 1, 1, 9, 32.81, -21.12, 1, 1, 9, 35.43, 13.21, 1, 1, 9, 96.9, 13.37, 1, 1, 10, 5.72, 1.91, 1, 1, 10, 72.63, 9.57, 1, 1, 10, 137.08, 4.33, 1, 1, 9, 31.5, 24.45, 1, 1, 9, 97.12, 26.33, 1, 2, 9, 157.6, 9.4, 0.24454, 10, 2.53, 13.53, 0.75546, 1, 10, 71.46, 22.32, 1, 1, 10, 139.19, 15.38, 1, 1, 9, 38.81, -0.83, 1, 2, 9, 95.1, -1.63, 0.99991, 10, -41.27, -32.39, 9.0E-5, 2, 9, 148.31, -15.68, 0.25246, 10, 9.91, -12.17, 0.74754, 1, 10, 74.82, -4.16, 1, 1, 10, 135.39, -6.39, 1, 2, 9, 142.45, -14.13, 0.4993, 10, 4.28, -14.4, 0.5007, 2, 9, 147.6, -0.31, 0.47803, 10, 0.23, -0.22, 0.52197, 2, 9, 151.63, 11.07, 0.49022, 10, -3.26, 11.34, 0.50978, 2, 9, 136.8, -12.64, 0.73155, 10, -1.16, -16.55, 0.26845, 1, 9, 141.7, 1.28, 1, 2, 9, 145.84, 12.69, 0.74064, 10, -8.88, 9.22, 0.25936 ],
				"hull": 32,
				"edges": [ 24, 26, 34, 36, 36, 38, 4, 2, 2, 64, 64, 66, 68, 70, 70, 72, 72, 38, 4, 6, 6, 8, 6, 74, 74, 76, 78, 80, 80, 82, 82, 36, 2, 0, 0, 62, 0, 84, 84, 86, 88, 90, 90, 92, 38, 40, 40, 42, 92, 40, 50, 52, 88, 52, 88, 68, 68, 78, 22, 24, 78, 22, 86, 58, 86, 66, 66, 76, 12, 14, 14, 16, 76, 14, 8, 10, 10, 12, 74, 10, 74, 64, 64, 84, 58, 60, 60, 62, 84, 60, 26, 28, 28, 30, 80, 28, 46, 48, 48, 50, 90, 48, 90, 70, 70, 80, 30, 32, 32, 34, 82, 32, 82, 72, 72, 92, 42, 44, 44, 46, 92, 44, 94, 88, 52, 54, 94, 54, 96, 68, 94, 96, 98, 78, 96, 98, 20, 22, 98, 20, 54, 56, 56, 58, 86, 100, 100, 94, 56, 100, 66, 102, 102, 96, 100, 102, 76, 104, 104, 98, 102, 104, 16, 18, 18, 20, 104, 18 ],
				"width": 136,
				"height": 340
			}
		}
	}
}
}